Roll No,Name,Age
1001,Shahbaj,20
1002,Sachin,21
1003,John,22
1004,Mike,23
1006,Michael,22
1005,Joseph,24
10001,Ashly Paucek,18
10002,Jayde Hackett IV,18
10003,Yessenia Sauer,19
10004,Kaley Braun V,20
10005,Angelica King,21
10006,Tyrel Jenkins,12
10007,Dorothy Cole,23
10008,Cora Kunde,18
10009,Miss Linwood Gerhold,19
10010,Richie Monahan,22
10011,Gabriella Tillman,23
10012,Jaylon Greenholt,21
10013,Laura Marvin,18
10014,Dr. Jose Dooley,19
10015,Hermann Murray,21
10016,Dr. Rose Lebsack,20
10017,Lisandro Bogisich,22
10018,Kathleen Treutel,23
10019,Maude Kirlin IV,21
10020,Dr. Joshua McCullough,21
10021,Reva Blanda,18
10022,Donnie Nienow,19
10023,Lamar Jacobson,18
10024,Ms. Kristy Crist,21
10025,Marlene Gusikowski,22
10001,Ashly Paucek,18
10002,Jayde Hackett IV,18
10003,Yessenia Sauer,19
10004,Kaley Braun V,20
10005,Angelica King,21
10006,Tyrel Jenkins,12
10007,Dorothy Cole,23
10008,Cora Kunde,18
10009,Miss Linwood Gerhold,19
10010,Richie Monahan,22
10011,Gabriella Tillman,23
10012,Jaylon Greenholt,21
10013,Laura Marvin,18
10014,Dr. Jose Dooley,19
10015,Hermann Murray,21
10016,Dr. Rose Lebsack,20
10017,Lisandro Bogisich,22
10018,Kathleen Treutel,23
10019,Maude Kirlin IV,21
10020,Dr. Joshua McCullough,21
10021,Reva Blanda,18
10022,Donnie Nienow,19
10023,Lamar Jacobson,18
10024,Ms. Kristy Crist,21
10025,Marlene Gusikowski,22
